<?xml version="1.0" encoding="UTF-8" ?>
<!DOCTYPE struts PUBLIC
    "-//Apache Software Foundation//DTD Struts Configuration 2.0//EN"
    "http://struts.apache.org/dtds/struts-2.0.dtd">

<struts>
	
	<package name="register" namespace="/register" extends="struts-default">
		<!--前台登录控制-->
		<action name="wregisterAction_*" method="{1}" class="wregisterAction">
			<result name="registerUI">/front/register.jsp</result>
			<result name="registerVerify" type="redirect">/front/registerVerify.jsp</result>
			
			<result name="loginUI">/front/login.jsp</result>
			<result name="index">/index.jsp</result>
		</action>
	</package>
	
	 <package name="registerjson" namespace="/register" extends="json-default">
    	<action name="wregisterJsonAction_*" method="{1}" class="wregisterAction"> 
    		<result type="json">
    			<param name="root">message</param>
    		</result>
    	</action>
    </package>
	
</struts>
