<?xml version="1.0" encoding="UTF-8" ?>
<!DOCTYPE struts PUBLIC
    "-//Apache Software Foundation//DTD Struts Configuration 2.0//EN"
    "http://struts.apache.org/dtds/struts-2.0.dtd">

<struts>
	
	<package name="alogin" namespace="/alogin" extends="struts-default">
		<!--后台登录控制-->
		<action name="aloginAction_*" method="{1}" class="aloginAction"> 
			<result name="loginUI">/admin/login.jsp</result>
			<result name="index" type="redirect">/admin/index/index.jsp</result>
			<result name="success">/front/success.jsp</result>
			<result name="error">/front/error.jsp</result>
		</action>
	</package>
	
	<package name="login" namespace="/login" extends="struts-default">
		<!--前台登录控制-->
		<action name="wloginAction_*" method="{1}" class="wloginAction">
			<result name="loginUI">/front/login.jsp</result>
			<result name="index" type="redirectAction">project/wprojectAction_dataList.action</result>
			<result name="success">/front/success.jsp</result>
			<result name="error">/front/error.jsp</result>
		</action>
	</package>
	
</struts>
