<?xml version="1.0" encoding="UTF-8" ?>

<!DOCTYPE struts PUBLIC
	"-//Apache Software Foundation//DTD Struts Configuration 2.3//EN"
	"http://struts.apache.org/dtds/struts-2.3.dtd">

<struts>
	<package name="json-default" extends="struts-default">
    
        <result-types>
            <result-type name="json" class="org.apache.struts2.json.JSONResult"/>
        </result-types>

        <interceptors>
            <interceptor name="json" class="org.apache.struts2.json.JSONInterceptor"/>
            <!-- <interceptor name="jsonValidation" class="org.apache.struts2.json.JSONValidationInterceptor"/>

            Sample JSON validation stack
            <interceptor-stack name="jsonValidationWorkflowStack">
                <interceptor-ref name="basicStack"/>
                <interceptor-ref name="validation">
                    <param name="excludeMethods">input,back,cancel</param>
                </interceptor-ref>
                <interceptor-ref name="jsonValidation"/>
                <interceptor-ref name="workflow"/>
            </interceptor-stack> -->

        </interceptors>

    </package>
</struts>
