<?xml version="1.0" encoding="utf-8"?>
<!DOCTYPE hibernate-mapping PUBLIC "-//Hibernate/Hibernate Mapping DTD 3.0//EN"
"http://hibernate.sourceforge.net/hibernate-mapping-3.0.dtd">
<!-- 
    Mapping file autogenerated by MyEclipse Persistence Tools
-->
<hibernate-mapping>
    <class name="com.talentservice.domain.Admin" table="admin" catalog="talentservice">
        <id name="aid" type="java.lang.Long">
            <column name="aid" />
            <generator class="identity" />
        </id>
        <property name="adminname" type="java.lang.String">
            <column name="adminname" length="20" />
        </property>
        <property name="adminpassword" type="java.lang.String">
            <column name="adminpassword" length="200" />
        </property>
        <property name="lastlogintime" type="java.lang.String">
            <column name="lastlogintime" length="30" />
        </property>
        <property name="lastloginip" type="java.lang.String">
            <column name="lastloginip" length="200" />
        </property>
        <set name="adminRoles" inverse="true">
            <key>
                <column name="admin_id" />
            </key>
            <one-to-many class="com.talentservice.domain.AdminRole" />
        </set>
        <set name="adminRoles_1" inverse="true">
            <key>
                <column name="admin_id" />
            </key>
            <one-to-many class="com.talentservice.domain.AdminRole" />
        </set>
        <set name="approves" inverse="true">
            <key>
                <column name="admin_id">
                    <comment>å®¡æ‰¹äºº</comment>
                </column>
            </key>
            <one-to-many class="com.talentservice.domain.Approve" />
        </set>
    </class>
</hibernate-mapping>
