<?xml version="1.0" encoding="utf-8"?>
<!DOCTYPE hibernate-mapping PUBLIC "-//Hibernate/Hibernate Mapping DTD 3.0//EN"
"http://hibernate.sourceforge.net/hibernate-mapping-3.0.dtd">
<!-- 
    Mapping file autogenerated by MyEclipse Persistence Tools
-->
<hibernate-mapping>
    <class name="com.talentservice.domain.Bid" table="bid" catalog="talentservice">
        <id name="bid" type="java.lang.Long">
            <column name="bid" />
            <generator class="identity" />
        </id>
        <many-to-one name="user" class="com.talentservice.domain.User" fetch="select">
            <column name="user_id" />
        </many-to-one>
        <many-to-one name="project" class="com.talentservice.domain.Project" fetch="select">
            <column name="project_id" />
        </many-to-one>
        <property name="bidmoney" type="java.lang.String">
            <column name="bidmoney" length="20" />
        </property>
        <property name="bidcycle" type="java.lang.String">
            <column name="bidcycle" length="20" />
        </property>
        <property name="phone" type="java.lang.String">
            <column name="phone" length="20" />
        </property>
        <property name="mail" type="java.lang.String">
            <column name="mail" length="20" />
        </property>
        <property name="plan" type="java.lang.String">
            <column name="plan" length="65535" />
        </property>
        <property name="bidtime" type="java.lang.String">
            <column name="bidtime" length="20" />
        </property>
        <property name="issuccess" type="java.lang.String">
            <column name="issuccess" length="10" />
        </property>
    </class>
</hibernate-mapping>
