<?xml version="1.0" encoding="utf-8"?>
<!DOCTYPE hibernate-mapping PUBLIC "-//Hibernate/Hibernate Mapping DTD 3.0//EN"
"http://hibernate.sourceforge.net/hibernate-mapping-3.0.dtd">
<!-- 
    Mapping file autogenerated by MyEclipse Persistence Tools
-->
<hibernate-mapping>
    <class name="com.talentservice.domain.Category" table="category" catalog="talentservice">
        <id name="cid" type="java.lang.Long">
            <column name="cid" />
            <generator class="identity" />
        </id>
        <property name="catename" type="java.lang.String">
            <column name="catename" length="20" />
        </property>
        <property name="description" type="java.lang.String">
            <column name="description" length="50" />
        </property>
        <set name="userCategories" inverse="true">
            <key>
                <column name="category_id" not-null="true" />
            </key>
            <one-to-many class="com.talentservice.domain.UserCategory" />
        </set>
        <set name="projects" inverse="true">
            <key>
                <column name="category_id" />
            </key>
            <one-to-many class="com.talentservice.domain.Project" />
        </set>
        <set name="circles" inverse="true">
            <key>
                <column name="category_id" />
            </key>
            <one-to-many class="com.talentservice.domain.Circle" />
        </set>
    </class>
</hibernate-mapping>
