<?xml version="1.0" encoding="utf-8"?>
<!DOCTYPE hibernate-mapping PUBLIC "-//Hibernate/Hibernate Mapping DTD 3.0//EN"
"http://hibernate.sourceforge.net/hibernate-mapping-3.0.dtd">
<!-- 
    Mapping file autogenerated by MyEclipse Persistence Tools
-->
<hibernate-mapping>
    <class name="com.talentservice.domain.Chat" table="chat" catalog="talentservice">
        <id name="cid" type="java.lang.Long">
            <column name="cid" />
            <generator class="identity" />
        </id>
        <many-to-one name="group" class="com.talentservice.domain.Group" fetch="select">
            <column name="group_id" />
        </many-to-one>
        <many-to-one name="user" class="com.talentservice.domain.User" fetch="select">
            <column name="user_id" />
        </many-to-one>
        <property name="content" type="java.lang.String">
            <column name="content" length="65535">
                <comment>å†…å®¹</comment>
            </column>
        </property>
        <property name="sendtime" type="java.lang.String">
            <column name="sendtime" length="30">
                <comment>å�'é€�æ-¶é-´</comment>
            </column>
        </property>
    </class>
</hibernate-mapping>
