<?xml version="1.0" encoding="utf-8"?>
<!DOCTYPE hibernate-mapping PUBLIC "-//Hibernate/Hibernate Mapping DTD 3.0//EN"
"http://hibernate.sourceforge.net/hibernate-mapping-3.0.dtd">
<!-- 
    Mapping file autogenerated by MyEclipse Persistence Tools
-->
<hibernate-mapping>
    <class name="com.talentservice.domain.Circle" table="circle" catalog="talentservice">
        <id name="cid" type="java.lang.Long">
            <column name="cid" />
            <generator class="identity" />
        </id>
        <many-to-one name="category" class="com.talentservice.domain.Category" fetch="select">
            <column name="category_id" />
        </many-to-one>
        <many-to-one name="user" class="com.talentservice.domain.User" fetch="select">
            <column name="founder_id" />
        </many-to-one>
        <property name="circlename" type="java.lang.String">
            <column name="circlename" length="20" />
        </property>
        <property name="description" type="java.lang.String">
            <column name="description" length="65535" />
        </property>
        <property name="foundtime" type="java.lang.String">
            <column name="foundtime" length="20" />
        </property>
        <set name="userCircles" inverse="true">
            <key>
                <column name="circle_id" not-null="true" />
            </key>
            <one-to-many class="com.talentservice.domain.UserCircle" />
        </set>
        <set name="topics" inverse="true">
            <key>
                <column name="circle_id" />
            </key>
            <one-to-many class="com.talentservice.domain.Topic" />
        </set>
    </class>
</hibernate-mapping>
