<?xml version="1.0" encoding="utf-8"?>
<!DOCTYPE hibernate-mapping PUBLIC "-//Hibernate/Hibernate Mapping DTD 3.0//EN"
"http://hibernate.sourceforge.net/hibernate-mapping-3.0.dtd">
<!-- 
    Mapping file autogenerated by MyEclipse Persistence Tools
-->
<hibernate-mapping>
    <class name="com.talentservice.domain.City" table="city" catalog="talentservice">
        <id name="cid" type="java.lang.Long">
            <column name="cid" />
            <generator class="identity" />
        </id>
        <many-to-one name="province" class="com.talentservice.domain.Province" fetch="select">
            <column name="province_id" not-null="true" />
        </many-to-one>
        <property name="cityname" type="java.lang.String">
            <column name="cityname" length="20" />
        </property>
        <set name="counties" inverse="true">
            <key>
                <column name="city_id" not-null="true" />
            </key>
            <one-to-many class="com.talentservice.domain.County" />
        </set>
    </class>
</hibernate-mapping>
