<?xml version="1.0" encoding="utf-8"?>
<!DOCTYPE hibernate-mapping PUBLIC "-//Hibernate/Hibernate Mapping DTD 3.0//EN"
"http://hibernate.sourceforge.net/hibernate-mapping-3.0.dtd">
<!-- 
    Mapping file autogenerated by MyEclipse Persistence Tools
-->
<hibernate-mapping>
    <class name="com.talentservice.domain.College" table="college" catalog="talentservice">
        <id name="cid" type="java.lang.Long">
            <column name="cid" />
            <generator class="identity" />
        </id>
        <many-to-one name="school" class="com.talentservice.domain.School" fetch="select">
            <column name="school_id" />
        </many-to-one>
        <property name="gravatar" type="java.lang.String">
            <column name="gravatar" length="200" />
        </property>
        <property name="introduction" type="java.lang.String">
            <column name="introduction" length="65535" />
        </property>
        <set name="professions" inverse="true">
            <key>
                <column name="college_id" />
            </key>
            <one-to-many class="com.talentservice.domain.Profession" />
        </set>
        <set name="professions_1" inverse="true">
            <key>
                <column name="college_id" />
            </key>
            <one-to-many class="com.talentservice.domain.Profession" />
        </set>
    </class>
</hibernate-mapping>
