<?xml version="1.0" encoding="utf-8"?>
<!DOCTYPE hibernate-mapping PUBLIC "-//Hibernate/Hibernate Mapping DTD 3.0//EN"
"http://hibernate.sourceforge.net/hibernate-mapping-3.0.dtd">
<!-- 
    Mapping file autogenerated by MyEclipse Persistence Tools
-->
<hibernate-mapping>
    <class name="com.talentservice.domain.Comment" table="comment" catalog="talentservice">
        <id name="cid" type="java.lang.Long">
            <column name="cid" />
            <generator class="identity" />
        </id>
        <many-to-one name="topic" class="com.talentservice.domain.Topic" fetch="select">
            <column name="topic_id" />
        </many-to-one>
        <many-to-one name="comment" class="com.talentservice.domain.Comment" fetch="select">
            <column name="comment_id" />
        </many-to-one>
        <many-to-one name="user" class="com.talentservice.domain.User" fetch="select">
            <column name="user_id" />
        </many-to-one>
        <property name="content" type="java.lang.String">
            <column name="content" length="65535" />
        </property>
        <property name="commenttime" type="java.lang.String">
            <column name="commenttime" length="20" />
        </property>
        <property name="zannumber" type="java.lang.Integer">
            <column name="zannumber" />
        </property>
        <set name="comments" inverse="true">
            <key>
                <column name="comment_id" />
            </key>
            <one-to-many class="com.talentservice.domain.Comment" />
        </set>
    </class>
</hibernate-mapping>
