<?xml version="1.0" encoding="utf-8"?>
<!DOCTYPE hibernate-mapping PUBLIC "-//Hibernate/Hibernate Mapping DTD 3.0//EN"
"http://hibernate.sourceforge.net/hibernate-mapping-3.0.dtd">
<!-- 
    Mapping file autogenerated by MyEclipse Persistence Tools
-->
<hibernate-mapping>
    <class name="com.talentservice.domain.County" table="county" catalog="talentservice">
        <id name="cid" type="java.lang.Long">
            <column name="cid" />
            <generator class="identity" />
        </id>
        <many-to-one name="city" class="com.talentservice.domain.City" fetch="select">
            <column name="city_id" not-null="true" />
        </many-to-one>
        <property name="countyname" type="java.lang.String">
            <column name="countyname" length="20" />
        </property>
        <set name="streets" inverse="true">
            <key>
                <column name="county_id" not-null="true" />
            </key>
            <one-to-many class="com.talentservice.domain.Street" />
        </set>
    </class>
</hibernate-mapping>
