<?xml version="1.0" encoding="utf-8"?>
<!DOCTYPE hibernate-mapping PUBLIC "-//Hibernate/Hibernate Mapping DTD 3.0//EN"
"http://hibernate.sourceforge.net/hibernate-mapping-3.0.dtd">
<!-- 
    Mapping file autogenerated by MyEclipse Persistence Tools
-->
<hibernate-mapping>
    <class name="com.talentservice.domain.Evaluate" table="evaluate" catalog="talentservice">
        <id name="eid" type="java.lang.Long">
            <column name="eid" />
            <generator class="identity" />
        </id>
        <many-to-one name="userByTouserId" class="com.talentservice.domain.User" fetch="select">
            <column name="touser_id" />
        </many-to-one>
        <many-to-one name="userByFromuserId" class="com.talentservice.domain.User" fetch="select">
            <column name="fromuser_id" />
        </many-to-one>
        <many-to-one name="project" class="com.talentservice.domain.Project" fetch="select">
            <column name="project_id" />
        </many-to-one>
        <property name="content" type="java.lang.String">
            <column name="content" length="65535" />
        </property>
        <property name="evaluatetime" type="java.lang.String">
            <column name="evaluatetime" length="30" />
        </property>
    </class>
</hibernate-mapping>
