<?xml version="1.0" encoding="utf-8"?>
<!DOCTYPE hibernate-mapping PUBLIC "-//Hibernate/Hibernate Mapping DTD 3.0//EN"
"http://hibernate.sourceforge.net/hibernate-mapping-3.0.dtd">
<!-- 
    Mapping file autogenerated by MyEclipse Persistence Tools
-->
<hibernate-mapping>
    <class name="com.talentservice.domain.File" table="file" catalog="talentservice">
        <id name="fid" type="java.lang.Long">
            <column name="fid" />
            <generator class="identity" />
        </id>
        <many-to-one name="project" class="com.talentservice.domain.Project" fetch="select">
            <column name="project_id" not-null="true" />
        </many-to-one>
        <property name="filename" type="java.lang.String">
            <column name="filename" length="200" />
        </property>
        <property name="url" type="java.lang.String">
            <column name="url" length="200" />
        </property>
    </class>
</hibernate-mapping>
