<?xml version="1.0" encoding="utf-8"?>
<!DOCTYPE hibernate-mapping PUBLIC "-//Hibernate/Hibernate Mapping DTD 3.0//EN"
"http://hibernate.sourceforge.net/hibernate-mapping-3.0.dtd">
<!-- 
    Mapping file autogenerated by MyEclipse Persistence Tools
-->
<hibernate-mapping>
    <class name="com.talentservice.domain.GroupUser" table="group_user" catalog="talentservice">
        <id name="id" type="java.lang.Long">
            <column name="id" />
            <generator class="identity" />
        </id>
        <many-to-one name="group" class="com.talentservice.domain.Group" fetch="select">
            <column name="group_id" />
        </many-to-one>
        <many-to-one name="user" class="com.talentservice.domain.User" fetch="select">
            <column name="user_id" />
        </many-to-one>
    </class>
</hibernate-mapping>
