<?xml version="1.0" encoding="utf-8"?>
<!DOCTYPE hibernate-mapping PUBLIC "-//Hibernate/Hibernate Mapping DTD 3.0//EN"
"http://hibernate.sourceforge.net/hibernate-mapping-3.0.dtd">
<!-- 
    Mapping file autogenerated by MyEclipse Persistence Tools
-->
<hibernate-mapping>
    <class name="com.talentservice.domain.Interview" table="interview" catalog="talentservice">
        <id name="iid" type="java.lang.Long">
            <column name="iid" />
            <generator class="identity" />
        </id>
        <many-to-one name="userByIntervieweeId" class="com.talentservice.domain.User" fetch="select">
            <column name="interviewee_id" />
        </many-to-one>
        <many-to-one name="userByInterviewerId" class="com.talentservice.domain.User" fetch="select">
            <column name="interviewer_id" />
        </many-to-one>
        <many-to-one name="project" class="com.talentservice.domain.Project" fetch="select">
            <column name="project_id" />
        </many-to-one>
        <property name="interviewtime" type="java.util.Date">
            <column name="interviewtime" length="10" />
        </property>
        <property name="length" type="java.lang.String">
            <column name="length" length="20" />
        </property>
        <property name="round" type="java.lang.String">
            <column name="round" length="20" />
        </property>
        <property name="content" type="java.lang.String">
            <column name="content" length="65535" />
        </property>
    </class>
</hibernate-mapping>
