<?xml version="1.0" encoding="utf-8"?>
<!DOCTYPE hibernate-mapping PUBLIC "-//Hibernate/Hibernate Mapping DTD 3.0//EN"
"http://hibernate.sourceforge.net/hibernate-mapping-3.0.dtd">
<!-- 
    Mapping file autogenerated by MyEclipse Persistence Tools
-->
<hibernate-mapping>
    <class name="com.talentservice.domain.Label" table="label" catalog="talentservice">
        <id name="lid" type="java.lang.Long">
            <column name="lid" />
            <generator class="identity" />
        </id>
        <property name="labelname" type="java.lang.String">
            <column name="labelname" length="30" />
        </property>
        <set name="userLabels" inverse="true">
            <key>
                <column name="label_id" not-null="true" />
            </key>
            <one-to-many class="com.talentservice.domain.UserLabel" />
        </set>
        <set name="projectLabels" inverse="true">
            <key>
                <column name="label_id" />
            </key>
            <one-to-many class="com.talentservice.domain.ProjectLabel" />
        </set>
        <set name="projectLabels_1" inverse="true">
            <key>
                <column name="label_id" />
            </key>
            <one-to-many class="com.talentservice.domain.ProjectLabel" />
        </set>
    </class>
</hibernate-mapping>
