<?xml version="1.0" encoding="utf-8"?>
<!DOCTYPE hibernate-mapping PUBLIC "-//Hibernate/Hibernate Mapping DTD 3.0//EN"
"http://hibernate.sourceforge.net/hibernate-mapping-3.0.dtd">
<!-- 
    Mapping file autogenerated by MyEclipse Persistence Tools
-->
<hibernate-mapping>
    <class name="com.talentservice.domain.Message" table="message" catalog="talentservice">
        <id name="mid" type="java.lang.Long">
            <column name="mid" />
            <generator class="identity" />
        </id>
        <many-to-one name="userByTouserId" class="com.talentservice.domain.User" fetch="select">
            <column name="touser_id" />
        </many-to-one>
        <many-to-one name="userByFromuserId" class="com.talentservice.domain.User" fetch="select">
            <column name="fromuser_id" />
        </many-to-one>
        <property name="content" type="java.lang.String">
            <column name="content" length="65535" />
        </property>
        <property name="sendtime" type="java.util.Date">
            <column name="sendtime" length="10" />
        </property>
        <property name="state" type="java.lang.String">
            <column name="state" length="10" />
        </property>
    </class>
</hibernate-mapping>
