<?xml version="1.0" encoding="utf-8"?>
<!DOCTYPE hibernate-mapping PUBLIC "-//Hibernate/Hibernate Mapping DTD 3.0//EN"
"http://hibernate.sourceforge.net/hibernate-mapping-3.0.dtd">
<!-- 
    Mapping file autogenerated by MyEclipse Persistence Tools
-->
<hibernate-mapping>
    <class name="com.talentservice.domain.Node" table="node" catalog="talentservice">
        <id name="nid" type="java.lang.Long">
            <column name="nid" />
            <generator class="identity" />
        </id>
        <property name="nodename" type="java.lang.String">
            <column name="nodename" length="20" />
        </property>
        <property name="title" type="java.lang.String">
            <column name="title" length="200">
                <comment>è·³è½¬åœ°å�€</comment>
            </column>
        </property>
        <property name="status" type="java.lang.Short">
            <column name="status" />
        </property>
        <property name="remark" type="java.lang.String">
            <column name="remark" length="20" />
        </property>
        <property name="sort" type="java.lang.Short">
            <column name="sort" />
        </property>
        <property name="pid" type="java.lang.Long">
            <column name="pid" />
        </property>
        <property name="level" type="java.lang.Short">
            <column name="level" />
        </property>
        <set name="roleNodes" inverse="true">
            <key>
                <column name="node_id" />
            </key>
            <one-to-many class="com.talentservice.domain.RoleNode" />
        </set>
    </class>
</hibernate-mapping>
