<?xml version="1.0" encoding="utf-8"?>
<!DOCTYPE hibernate-mapping PUBLIC "-//Hibernate/Hibernate Mapping DTD 3.0//EN"
"http://hibernate.sourceforge.net/hibernate-mapping-3.0.dtd">
<!-- 
    Mapping file autogenerated by MyEclipse Persistence Tools
-->
<hibernate-mapping>
    <class name="com.talentservice.domain.Planfile" table="planfile" catalog="talentservice">
        <id name="pfid" type="java.lang.Long">
            <column name="pfid" />
            <generator class="identity" />
        </id>
        <many-to-one name="plan" class="com.talentservice.domain.Plan" fetch="select">
            <column name="plan_id" />
        </many-to-one>
        <property name="name" type="java.lang.String">
            <column name="name" length="200" />
        </property>
        <property name="url" type="java.lang.String">
            <column name="url" length="220" />
        </property>
    </class>
</hibernate-mapping>
