<?xml version="1.0" encoding="utf-8"?>
<!DOCTYPE hibernate-mapping PUBLIC "-//Hibernate/Hibernate Mapping DTD 3.0//EN"
"http://hibernate.sourceforge.net/hibernate-mapping-3.0.dtd">
<!-- 
    Mapping file autogenerated by MyEclipse Persistence Tools
-->
<hibernate-mapping>
    <class name="com.talentservice.domain.Plan" table="plan" catalog="talentservice">
        <id name="pid" type="java.lang.Long">
            <column name="pid" />
            <generator class="identity" />
        </id>
        <many-to-one name="project" class="com.talentservice.domain.Project" fetch="select">
            <column name="project_id" />
        </many-to-one>
        <property name="uploadtime" type="java.lang.String">
            <column name="uploadtime" length="20" />
        </property>
        <property name="planmoney" type="java.lang.String">
            <column name="planmoney" length="20" />
        </property>
        <property name="completedate" type="java.lang.String">
            <column name="completedate" length="20" />
        </property>
        <property name="standard" type="java.lang.String">
            <column name="standard" length="65535" />
        </property>
        <property name="state" type="java.lang.String">
            <column name="state" length="10" />
        </property>
        <set name="planfiles" inverse="true">
            <key>
                <column name="plan_id" />
            </key>
            <one-to-many class="com.talentservice.domain.Planfile" />
        </set>
        <set name="planfiles_1" inverse="true">
            <key>
                <column name="plan_id" />
            </key>
            <one-to-many class="com.talentservice.domain.Planfile" />
        </set>
    </class>
</hibernate-mapping>
