<?xml version="1.0" encoding="utf-8"?>
<!DOCTYPE hibernate-mapping PUBLIC "-//Hibernate/Hibernate Mapping DTD 3.0//EN"
"http://hibernate.sourceforge.net/hibernate-mapping-3.0.dtd">
<!-- 
    Mapping file autogenerated by MyEclipse Persistence Tools
-->
<hibernate-mapping>
    <class name="com.talentservice.domain.Profession" table="profession" catalog="talentservice">
        <id name="pid" type="java.lang.Long">
            <column name="pid" />
            <generator class="identity" />
        </id>
        <many-to-one name="college" class="com.talentservice.domain.College" fetch="select">
            <column name="college_id" />
        </many-to-one>
        <property name="name" type="java.lang.String">
            <column name="name" length="200" />
        </property>
        <property name="develop" type="java.lang.String">
            <column name="develop" length="65535" />
        </property>
    </class>
</hibernate-mapping>
