<?xml version="1.0" encoding="utf-8"?>
<!DOCTYPE hibernate-mapping PUBLIC "-//Hibernate/Hibernate Mapping DTD 3.0//EN"
"http://hibernate.sourceforge.net/hibernate-mapping-3.0.dtd">
<!-- 
    Mapping file autogenerated by MyEclipse Persistence Tools
-->
<hibernate-mapping>
    <class name="com.talentservice.domain.Projectlog" table="projectlog" catalog="talentservice">
        <id name="lid" type="java.lang.Long">
            <column name="lid" />
            <generator class="identity" />
        </id>
        <many-to-one name="project" class="com.talentservice.domain.Project" fetch="select">
            <column name="project_id" />
        </many-to-one>
        <property name="handle" type="java.lang.String">
            <column name="handle" length="200" />
        </property>
        <property name="handletime" type="java.lang.String">
            <column name="handletime" length="20" />
        </property>
    </class>
</hibernate-mapping>
