<?xml version="1.0" encoding="utf-8"?>
<!DOCTYPE hibernate-mapping PUBLIC "-//Hibernate/Hibernate Mapping DTD 3.0//EN"
"http://hibernate.sourceforge.net/hibernate-mapping-3.0.dtd">
<!-- 
    Mapping file autogenerated by MyEclipse Persistence Tools
-->
<hibernate-mapping>
    <class name="com.talentservice.domain.ProjectLabel" table="project_label" catalog="talentservice">
        <id name="id" type="java.lang.Long">
            <column name="id" />
            <generator class="identity" />
        </id>
        <many-to-one name="label" class="com.talentservice.domain.Label" fetch="select">
            <column name="label_id" />
        </many-to-one>
        <many-to-one name="project" class="com.talentservice.domain.Project" fetch="select">
            <column name="project_id" />
        </many-to-one>
    </class>
</hibernate-mapping>
