<?xml version="1.0" encoding="utf-8"?>
<!DOCTYPE hibernate-mapping PUBLIC "-//Hibernate/Hibernate Mapping DTD 3.0//EN"
"http://hibernate.sourceforge.net/hibernate-mapping-3.0.dtd">
<!-- 
    Mapping file autogenerated by MyEclipse Persistence Tools
-->
<hibernate-mapping>
    <class name="com.talentservice.domain.Province" table="province" catalog="talentservice">
        <id name="pid" type="java.lang.Long">
            <column name="pid" />
            <generator class="identity" />
        </id>
        <property name="provincename" type="java.lang.String">
            <column name="provincename" length="20" />
        </property>
        <set name="cities" inverse="true">
            <key>
                <column name="province_id" not-null="true" />
            </key>
            <one-to-many class="com.talentservice.domain.City" />
        </set>
    </class>
</hibernate-mapping>
