<?xml version="1.0" encoding="utf-8"?>
<!DOCTYPE hibernate-mapping PUBLIC "-//Hibernate/Hibernate Mapping DTD 3.0//EN"
"http://hibernate.sourceforge.net/hibernate-mapping-3.0.dtd">
<!-- 
    Mapping file autogenerated by MyEclipse Persistence Tools
-->
<hibernate-mapping>
    <class name="com.talentservice.domain.Review" table="review" catalog="talentservice">
        <id name="rid" type="java.lang.Long">
            <column name="rid" />
            <generator class="identity" />
        </id>
        <many-to-one name="review" class="com.talentservice.domain.Review" fetch="select">
            <column name="review_id" />
        </many-to-one>
        <many-to-one name="userByTouserId" class="com.talentservice.domain.User" fetch="select">
            <column name="touser_id" />
        </many-to-one>
        <many-to-one name="userByFromuserId" class="com.talentservice.domain.User" fetch="select">
            <column name="fromuser_id" />
        </many-to-one>
        <property name="content" type="java.lang.String">
            <column name="content" length="65535" />
        </property>
        <property name="time" type="java.lang.String">
            <column name="time" length="20" />
        </property>
        <set name="reviews" inverse="true">
            <key>
                <column name="review_id" />
            </key>
            <one-to-many class="com.talentservice.domain.Review" />
        </set>
        <set name="reviews_1" inverse="true">
            <key>
                <column name="review_id" />
            </key>
            <one-to-many class="com.talentservice.domain.Review" />
        </set>
    </class>
</hibernate-mapping>
