<?xml version="1.0" encoding="utf-8"?>
<!DOCTYPE hibernate-mapping PUBLIC "-//Hibernate/Hibernate Mapping DTD 3.0//EN"
"http://hibernate.sourceforge.net/hibernate-mapping-3.0.dtd">
<!-- 
    Mapping file autogenerated by MyEclipse Persistence Tools
-->
<hibernate-mapping>
    <class name="com.talentservice.domain.RoleNode" table="role_node" catalog="talentservice">
        <id name="id" type="java.lang.Long">
            <column name="id" />
            <generator class="identity" />
        </id>
        <many-to-one name="role" class="com.talentservice.domain.Role" fetch="select">
            <column name="role_id" />
        </many-to-one>
        <many-to-one name="node" class="com.talentservice.domain.Node" fetch="select">
            <column name="node_id" />
        </many-to-one>
    </class>
</hibernate-mapping>
