<?xml version="1.0" encoding="utf-8"?>
<!DOCTYPE hibernate-mapping PUBLIC "-//Hibernate/Hibernate Mapping DTD 3.0//EN"
"http://hibernate.sourceforge.net/hibernate-mapping-3.0.dtd">
<!-- 
    Mapping file autogenerated by MyEclipse Persistence Tools
-->
<hibernate-mapping>
    <class name="com.talentservice.domain.School" table="school" catalog="talentservice">
        <id name="sid" type="java.lang.Long">
            <column name="sid" />
            <generator class="identity" />
        </id>
        <property name="gravatar" type="java.lang.String">
            <column name="gravatar" length="200" />
        </property>
        <property name="introduction" type="java.lang.String">
            <column name="introduction" length="65535" />
        </property>
        <property name="homepage" type="java.lang.String">
            <column name="homepage" length="200" />
        </property>
        <property name="region" type="java.lang.String">
            <column name="region" length="200" />
        </property>
        <property name="address" type="java.lang.String">
            <column name="address" length="200" />
        </property>
        <property name="mail" type="java.lang.String">
            <column name="mail" length="200" />
        </property>
        <property name="phone" type="java.lang.String">
            <column name="phone" length="20" />
        </property>
        <property name="goodfield" type="java.lang.String">
            <column name="goodfield" length="200" />
        </property>
        <property name="focus" type="java.lang.Integer">
            <column name="focus" />
        </property>
        <property name="integral" type="java.lang.Integer">
            <column name="integral" />
        </property>
        <set name="students" inverse="true">
            <key>
                <column name="school_id" />
            </key>
            <one-to-many class="com.talentservice.domain.Student" />
        </set>
        <set name="colleges" inverse="true">
            <key>
                <column name="school_id" />
            </key>
            <one-to-many class="com.talentservice.domain.College" />
        </set>
        <set name="colleges_1" inverse="true">
            <key>
                <column name="school_id" />
            </key>
            <one-to-many class="com.talentservice.domain.College" />
        </set>
    </class>
</hibernate-mapping>
