<?xml version="1.0" encoding="utf-8"?>
<!DOCTYPE hibernate-mapping PUBLIC "-//Hibernate/Hibernate Mapping DTD 3.0//EN"
"http://hibernate.sourceforge.net/hibernate-mapping-3.0.dtd">
<!-- 
    Mapping file autogenerated by MyEclipse Persistence Tools
-->
<hibernate-mapping>
    <class name="com.talentservice.domain.Street" table="street" catalog="talentservice">
        <id name="sid" type="java.lang.Long">
            <column name="sid" />
            <generator class="identity" />
        </id>
        <many-to-one name="county" class="com.talentservice.domain.County" fetch="select">
            <column name="county_id" not-null="true" />
        </many-to-one>
        <property name="streetname" type="java.lang.String">
            <column name="streetname" length="20" />
        </property>
    </class>
</hibernate-mapping>
