<?xml version="1.0" encoding="utf-8"?>
<!DOCTYPE hibernate-mapping PUBLIC "-//Hibernate/Hibernate Mapping DTD 3.0//EN"
"http://hibernate.sourceforge.net/hibernate-mapping-3.0.dtd">
<!-- 
    Mapping file autogenerated by MyEclipse Persistence Tools
-->
<hibernate-mapping>
    <class name="com.talentservice.domain.Teacher" table="teacher" catalog="talentservice">
        <id name="tid" type="java.lang.Long">
            <column name="tid" />
            <generator class="identity" />
        </id>
        <many-to-one name="user" class="com.talentservice.domain.User" fetch="select">
            <column name="school_id" />
        </many-to-one>
        <property name="gravatar" type="java.lang.String">
            <column name="gravatar" length="200" />
        </property>
        <property name="teachername" type="java.lang.String">
            <column name="teachername" length="30" />
        </property>
        <property name="age" type="java.lang.String">
            <column name="age" length="10" />
        </property>
        <property name="mail" type="java.lang.String">
            <column name="mail" length="200" />
        </property>
        <property name="college" type="java.lang.String">
            <column name="college" length="200" />
        </property>
        <property name="professional" type="java.lang.String">
            <column name="professional" length="200" />
        </property>
    </class>
</hibernate-mapping>
