<?xml version="1.0" encoding="utf-8"?>
<!DOCTYPE hibernate-mapping PUBLIC "-//Hibernate/Hibernate Mapping DTD 3.0//EN"
"http://hibernate.sourceforge.net/hibernate-mapping-3.0.dtd">
<!-- 
    Mapping file autogenerated by MyEclipse Persistence Tools
-->
<hibernate-mapping>
    <class name="com.talentservice.domain.UserLabel" table="user_label" catalog="talentservice">
        <id name="id" type="java.lang.Long">
            <column name="id" />
            <generator class="assigned" />
        </id>
        <many-to-one name="label" class="com.talentservice.domain.Label" fetch="select">
            <column name="label_id" not-null="true" />
        </many-to-one>
        <many-to-one name="user" class="com.talentservice.domain.User" fetch="select">
            <column name="user_id" not-null="true" />
        </many-to-one>
    </class>
</hibernate-mapping>
