<?xml version="1.0" encoding="utf-8"?>
<!DOCTYPE hibernate-mapping PUBLIC "-//Hibernate/Hibernate Mapping DTD 3.0//EN"
"http://hibernate.sourceforge.net/hibernate-mapping-3.0.dtd">
<!-- 
    Mapping file autogenerated by MyEclipse Persistence Tools
-->
<hibernate-mapping>
    <class name="com.talentservice.domain.Workman" table="workman" catalog="talentservice">
        <id name="wid" type="java.lang.Long">
            <column name="wid" />
            <generator class="identity" />
        </id>
        <many-to-one name="enterprise" class="com.talentservice.domain.Enterprise" fetch="select">
            <column name="enterprise_id">
                <comment>æ‰€å±žå…¬å�¸</comment>
            </column>
        </many-to-one>
        <property name="name" type="java.lang.String">
            <column name="name" length="20" />
        </property>
        <property name="gravatar" type="java.lang.String">
            <column name="gravatar" length="50" />
        </property>
        <property name="sex" type="java.lang.String">
            <column name="sex" length="10" />
        </property>
        <property name="birthday" type="java.lang.String">
            <column name="birthday" length="30" />
        </property>
        <property name="nativeplace" type="java.lang.String">
            <column name="nativeplace" length="20" />
        </property>
        <property name="address" type="java.lang.String">
            <column name="address" length="30" />
        </property>
        <property name="mail" type="java.lang.String">
            <column name="mail" length="20" />
        </property>
        <property name="phone" type="java.lang.String">
            <column name="phone" length="20" />
        </property>
        <property name="position" type="java.lang.String">
            <column name="position" length="20" />
        </property>
        <property name="focus" type="java.lang.Integer">
            <column name="focus" />
        </property>
        <property name="integral" type="java.lang.Integer">
            <column name="integral" />
        </property>
        <property name="introduction" type="java.lang.String">
            <column name="introduction" length="65535" />
        </property>
    </class>
</hibernate-mapping>
